tconst,titleType,primaryTitle,originalTitle,startYear,runtimeMinutes,genres,averageRating,numVotes,imdbTop250Rank,letterboxdUrl,letterboxdRatingOutOf5,rottenTomatoesPercent,metacriticScore,metacriticUserScore
tt0111161,movie,The Shawshank Redemption,The Shawshank Redemption,1994,142,Drama,9.3,3160312,1,https://letterboxd.com/film/the-shawshank-redemption/,4.58,89.0,82.0,
tt0068646,movie,The Godfather,The Godfather,1972,175,"Crime,Drama",9.2,2206636,2,https://letterboxd.com/film/the-godfather/,4.52,97.0,100.0,
tt0468569,movie,The Dark Knight,The Dark Knight,2008,152,"Action,Crime,Drama",9.1,3137340,3,https://letterboxd.com/film/the-dark-knight/,4.49,94.0,85.0,
tt0071562,movie,The Godfather Part II,The Godfather Part II,1974,202,"Crime,Drama",9.0,1482860,4,https://letterboxd.com/film/the-godfather-part-ii/,4.59,96.0,90.0,
tt0050083,movie,12 Angry Men,12 Angry Men,1957,96,"Crime,Drama",9.0,974676,5,https://letterboxd.com/film/12-angry-men/,4.63,100.0,97.0,
tt0167260,movie,The Lord of the Rings: The Return of the King,The Lord of the Rings: The Return of the King,2003,201,"Adventure,Drama,Fantasy",9.0,2147265,6,https://letterboxd.com/film/the-lord-of-the-rings-the-return-of-the-king/,4.54,94.0,94.0,
tt0108052,movie,Schindler's List,Schindler's List,1993,195,"Biography,Drama,History",9.0,1574619,7,https://letterboxd.com/film/schindlers-list/,4.54,98.0,95.0,
tt0120737,movie,The Lord of the Rings: The Fellowship of the Ring,The Lord of the Rings: The Fellowship of the Ring,2001,178,"Adventure,Drama,Fantasy",8.9,2187865,8,https://letterboxd.com/film/the-lord-of-the-rings-the-fellowship-of-the-ring/,4.39,91.0,92.0,
tt0110912,movie,Pulp Fiction,Pulp Fiction,1994,154,"Crime,Drama",8.8,2415880,9,https://letterboxd.com/film/pulp-fiction/,4.24,92.0,95.0,
tt0060196,movie,"The Good, the Bad and the Ugly","Il buono, il brutto, il cattivo",1966,178,"Adventure,Drama,Western",8.8,885413,10,https://letterboxd.com/film/the-good-the-bad-and-the-ugly/,4.51,97.0,90.0,
tt0167261,movie,The Lord of the Rings: The Two Towers,The Lord of the Rings: The Two Towers,2002,179,"Adventure,Drama,Fantasy",8.8,1940395,11,https://letterboxd.com/film/the-lord-of-the-rings-the-two-towers/,4.43,95.0,87.0,
tt0109830,movie,Forrest Gump,Forrest Gump,1994,142,"Drama,Romance",8.8,2474355,12,https://letterboxd.com/film/forrest-gump/,4.17,75.0,82.0,
tt0137523,movie,Fight Club,Fight Club,1999,139,"Crime,Drama,Thriller",8.8,2577098,13,https://letterboxd.com/film/fight-club/,4.27,81.0,67.0,
tt1375666,movie,Inception,Inception,2010,148,"Action,Adventure,Sci-Fi",8.8,2789710,14,https://letterboxd.com/film/inception/,4.23,87.0,74.0,
tt0080684,movie,Star Wars: Episode V - The Empire Strikes Back,Star Wars: Episode V - The Empire Strikes Back,1980,124,"Action,Adventure,Fantasy",8.7,1493567,15,https://letterboxd.com/film/the-empire-strikes-back/,4.4,93.0,82.0,
tt0133093,movie,The Matrix,The Matrix,1999,136,"Action,Sci-Fi",8.7,2229152,16,https://letterboxd.com/film/the-matrix/,4.18,83.0,73.0,
tt0099685,movie,Goodfellas,GoodFellas,1990,145,"Biography,Crime,Drama",8.7,1379094,17,https://letterboxd.com/film/goodfellas/,4.46,93.0,92.0,
tt0816692,movie,Interstellar,Interstellar,2014,169,"Adventure,Drama,Sci-Fi",8.7,2484758,18,https://letterboxd.com/film/interstellar/,4.44,73.0,74.0,
tt0073486,movie,One Flew Over the Cuckoo's Nest,One Flew Over the Cuckoo's Nest,1975,133,Drama,8.6,1150702,19,https://letterboxd.com/film/one-flew-over-the-cuckoos-nest/,4.37,93.0,84.0,
tt0114369,movie,Se7en,Se7en,1995,127,"Crime,Drama,Mystery",8.6,1999956,20,https://letterboxd.com/film/se7en/,4.37,84.0,65.0,
tt0038650,movie,It's a Wonderful Life,It's a Wonderful Life,1946,130,"Drama,Family,Fantasy",8.6,551743,21,https://letterboxd.com/film/its-a-wonderful-life/,4.44,94.0,89.0,
tt0102926,movie,The Silence of the Lambs,The Silence of the Lambs,1991,118,"Crime,Drama,Horror",8.6,1706215,22,https://letterboxd.com/film/the-silence-of-the-lambs/,4.34,95.0,86.0,
tt0047478,movie,Seven Samurai,Shichinin no samurai,1954,207,"Action,Drama",8.6,399518,23,https://letterboxd.com/film/seven-samurai/,4.6,100.0,98.0,
tt0120815,movie,Saving Private Ryan,Saving Private Ryan,1998,169,"Drama,War",8.6,1625173,24,https://letterboxd.com/film/saving-private-ryan/,4.25,94.0,91.0,
tt0120689,movie,The Green Mile,The Green Mile,1999,189,"Crime,Drama,Fantasy",8.6,1547660,25,https://letterboxd.com/film/the-green-mile/,4.28,78.0,61.0,
tt0317248,movie,City of God,Cidade de Deus,2002,130,"Crime,Drama",8.6,865094,26,https://letterboxd.com/film/city-of-god/,4.56,91.0,79.0,
tt0118799,movie,Life Is Beautiful,La vita è bella,1997,116,"Comedy,Drama,Romance",8.6,806733,27,https://letterboxd.com/film/life-is-beautiful/,4.4,80.0,58.0,
tt0103064,movie,Terminator 2: Judgment Day,Terminator 2: Judgment Day,1991,137,"Action,Adventure,Sci-Fi",8.6,1275045,28,https://letterboxd.com/film/terminator-2-judgment-day/,4.29,91.0,75.0,
tt0076759,movie,Star Wars: Episode IV - A New Hope,Star Wars,1977,121,"Action,Adventure,Fantasy",8.6,1558810,29,https://letterboxd.com/film/star-wars/,4.16,94.0,90.0,
tt0088763,movie,Back to the Future,Back to the Future,1985,116,"Adventure,Comedy,Sci-Fi",8.5,1438941,30,https://letterboxd.com/film/back-to-the-future/,4.21,93.0,88.0,
tt0245429,movie,Spirited Away,Sen to Chihiro no kamikakushi,2001,124,"Adventure,Animation,Family",8.6,956700,31,https://letterboxd.com/film/spirited-away/,4.44,96.0,96.0,
tt0253474,movie,The Pianist,The Pianist,2002,150,"Biography,Drama,Music",8.5,1004350,32,https://letterboxd.com/film/the-pianist/,4.4,95.0,85.0,
tt0172495,movie,Gladiator,Gladiator,2000,155,"Action,Adventure,Drama",8.5,1832483,33,https://letterboxd.com/film/gladiator-2000/,4.17,80.0,67.0,
tt6751668,movie,Parasite,Gisaengchung,2019,132,"Drama,Thriller",8.5,1145711,34,https://letterboxd.com/film/parasite-2019/,4.53,99.0,97.0,
tt0095327,movie,Grave of the Fireflies,Hotaru no haka,1988,88,"Animation,Drama,War",8.5,378668,35,https://letterboxd.com/film/grave-of-the-fireflies/,4.48,100.0,94.0,
tt0054215,movie,Psycho,Psycho,1960,109,"Drama,Horror,Mystery",8.5,780477,36,https://letterboxd.com/film/psycho/,4.31,97.0,97.0,
tt0110357,movie,The Lion King,The Lion King,1994,88,"Adventure,Animation,Drama",8.5,1248710,37,https://letterboxd.com/film/the-lion-king/,4.23,92.0,88.0,
tt0056058,movie,Harakiri,Seppuku,1962,133,"Drama,Mystery",8.6,89534,38,https://letterboxd.com/film/harakiri/,4.69,100.0,85.0,
tt0407887,movie,The Departed,The Departed,2006,151,"Crime,Drama,Thriller",8.5,1541808,39,https://letterboxd.com/film/the-departed/,4.34,91.0,85.0,
tt2582802,movie,Whiplash,Whiplash,2014,106,"Drama,Music",8.5,1139023,40,https://letterboxd.com/film/whiplash-2014/,4.42,94.0,89.0,
tt0482571,movie,The Prestige,The Prestige,2006,130,"Drama,Mystery,Sci-Fi",8.5,1573591,41,https://letterboxd.com/film/the-prestige/,4.28,77.0,66.0,
tt0120586,movie,American History X,American History X,1998,119,"Crime,Drama",8.5,1265766,42,https://letterboxd.com/film/american-history-x/,4.15,84.0,62.0,
tt0110413,movie,Léon: The Professional,Léon,1994,110,"Action,Crime,Drama",8.5,1342499,43,https://letterboxd.com/film/leon-the-professional/,4.01,76.0,64.0,
tt9362722,movie,Spider-Man: Across the Spider-Verse,Spider-Man: Across the Spider-Verse,2023,140,"Action,Adventure,Animation",8.5,510178,44,https://letterboxd.com/film/spider-man-across-the-spider-verse/,4.4,95.0,86.0,
tt0095765,movie,Cinema Paradiso,Nuovo Cinema Paradiso,1988,174,"Drama,Romance",8.5,315268,45,https://letterboxd.com/film/cinema-paradiso/,4.5,90.0,80.0,
tt6019206,movie,Kill Bill: The Whole Bloody Affair,Kill Bill: The Whole Bloody Affair,2006,248,"Action,Crime,Thriller",8.8,26150,46,https://letterboxd.com/film/kill-bill-the-whole-bloody-affair/,4.48,100.0,,
tt0034583,movie,Casablanca,Casablanca,1942,102,"Drama,Romance,War",8.5,652037,47,https://letterboxd.com/film/casablanca/,4.28,99.0,100.0,
tt1675434,movie,The Intouchables,Intouchables,2011,112,"Comedy,Drama",8.5,1018158,48,https://letterboxd.com/film/the-intouchables/,4.15,75.0,57.0,
tt0114814,movie,The Usual Suspects,The Usual Suspects,1995,106,"Crime,Drama,Mystery",8.5,1230246,49,https://letterboxd.com/film/the-usual-suspects/,4.07,87.0,76.0,
tt0078748,movie,Alien,Alien,1979,117,"Horror,Sci-Fi",8.5,1055879,50,https://letterboxd.com/film/alien/,4.25,93.0,89.0,
tt1853728,movie,Django Unchained,Django Unchained,2012,165,"Drama,Western",8.5,1865486,51,https://letterboxd.com/film/django-unchained/,4.33,87.0,81.0,
tt0027977,movie,Modern Times,Modern Times,1936,87,"Comedy,Drama,Romance",8.5,283890,52,https://letterboxd.com/film/modern-times/,4.26,98.0,96.0,
tt0047396,movie,Rear Window,Rear Window,1954,112,"Drama,Mystery,Thriller",8.5,566048,53,https://letterboxd.com/film/rear-window/,4.37,99.0,100.0,
tt0064116,movie,Once Upon a Time in the West,C'era una volta il West,1968,145,"Drama,Western",8.5,382011,54,https://letterboxd.com/film/once-upon-a-time-in-the-west/,4.39,96.0,82.0,
tt0021749,movie,City Lights,City Lights,1931,87,"Comedy,Drama,Romance",8.5,215402,55,https://letterboxd.com/film/city-lights/,4.33,95.0,99.0,
tt0078788,movie,Apocalypse Now,Apocalypse Now,1979,147,"Drama,Mystery,War",8.4,765466,56,https://letterboxd.com/film/apocalypse-now/,4.44,91.0,94.0,
tt0910970,movie,WALL·E,WALL·E,2008,98,"Adventure,Animation,Family",8.4,1308716,57,https://letterboxd.com/film/walle/,4.23,95.0,95.0,
tt0209144,movie,Memento,Memento,2000,113,"Drama,Mystery,Thriller",8.4,1424945,58,https://letterboxd.com/film/memento/,4.18,93.0,83.0,
tt15239678,movie,Dune: Part Two,Dune: Part Two,2024,166,"Action,Adventure,Drama",8.4,717849,59,https://letterboxd.com/film/dune-part-two/,4.38,92.0,79.0,
tt0082971,movie,Raiders of the Lost Ark,Raiders of the Lost Ark,1981,115,"Action,Adventure",8.4,1104252,60,https://letterboxd.com/film/raiders-of-the-lost-ark/,4.15,94.0,86.0,
tt4154756,movie,Avengers: Infinity War,Avengers: Infinity War,2018,149,"Action,Adventure,Sci-Fi",8.4,1355038,61,https://letterboxd.com/film/avengers-infinity-war/,4.03,85.0,68.0,
tt0405094,movie,The Lives of Others,Das Leben der Anderen,2006,137,"Drama,Mystery,Thriller",8.4,441043,62,https://letterboxd.com/film/the-lives-of-others/,4.29,92.0,89.0,
tt4633694,movie,Spider-Man: Into the Spider-Verse,Spider-Man: Into the Spider-Verse,2018,117,"Action,Adventure,Animation",8.4,777351,63,https://letterboxd.com/film/spider-man-into-the-spider-verse/,4.4,97.0,87.0,
tt0043014,movie,Sunset Boulevard,Sunset Blvd.,1950,110,"Drama,Film-Noir",8.4,259553,64,https://letterboxd.com/film/sunset-boulevard/,4.43,98.0,94.0,
tt0051201,movie,Witness for the Prosecution,Witness for the Prosecution,1957,116,"Crime,Drama,Mystery",8.4,160223,65,https://letterboxd.com/film/witness-for-the-prosecution-1957/,4.4,100.0,76.0,
tt0050825,movie,Paths of Glory,Paths of Glory,1957,88,"Drama,War",8.4,237351,66,https://letterboxd.com/film/paths-of-glory/,4.45,96.0,90.0,
tt0081505,movie,The Shining,The Shining,1980,146,"Drama,Horror",8.4,1215603,67,https://letterboxd.com/film/the-shining/,4.22,84.0,68.0,
tt0032553,movie,The Great Dictator,The Great Dictator,1940,125,"Comedy,Drama,War",8.4,258202,68,https://letterboxd.com/film/the-great-dictator/,4.33,92.0,,
tt0361748,movie,Inglourious Basterds,Inglourious Basterds,2009,153,"Adventure,Drama,War",8.4,1764000,69,https://letterboxd.com/film/inglourious-basterds/,4.36,89.0,69.0,
tt23849204,movie,12th Fail,12th Fail,2023,147,"Biography,Drama",8.7,167933,70,https://letterboxd.com/film/12th-fail/,4.13,91.0,,
tt0090605,movie,Aliens,Aliens,1986,137,"Action,Adventure,Horror",8.4,835824,71,https://letterboxd.com/film/aliens/,4.11,94.0,84.0,
tt0057565,movie,High and Low,Tengoku to jigoku,1963,143,"Crime,Drama,Mystery",8.4,70406,72,https://letterboxd.com/film/high-and-low/,4.6,97.0,90.0,
tt1345836,movie,The Dark Knight Rises,The Dark Knight Rises,2012,164,"Action,Crime,Drama",8.4,1978133,73,https://letterboxd.com/film/the-dark-knight-rises/,3.8,87.0,78.0,
tt4154796,movie,Avengers: Endgame,Avengers: Endgame,2019,181,"Action,Adventure,Sci-Fi",8.4,1427721,74,https://letterboxd.com/film/avengers-endgame/,3.95,94.0,78.0,
tt0119217,movie,Good Will Hunting,Good Will Hunting,1997,126,"Drama,Romance",8.4,1201800,75,https://letterboxd.com/film/good-will-hunting/,4.37,97.0,71.0,
tt2380307,movie,Coco,Coco,2017,105,"Adventure,Animation,Drama",8.4,696621,76,https://letterboxd.com/film/coco-2017/,4.13,97.0,81.0,
tt0086879,movie,Amadeus,Amadeus,1984,160,"Biography,Drama,Music",8.4,464981,77,https://letterboxd.com/film/amadeus/,4.35,90.0,87.0,
tt0114709,movie,Toy Story,Toy Story,1995,81,"Adventure,Animation,Comedy",8.3,1163609,78,https://letterboxd.com/film/toy-story/,4.11,100.0,96.0,
tt5311514,movie,Your Name.,Kimi no na wa.,2016,106,"Animation,Drama,Fantasy",8.4,385469,79,https://letterboxd.com/film/your-name/,4.23,98.0,81.0,
tt0082096,movie,Das Boot,Das Boot,1981,149,"Drama,War",8.3,286450,80,https://letterboxd.com/film/das-boot/,4.33,98.0,85.0,
tt0364569,movie,Oldboy,Oldeuboi,2003,120,"Action,Drama,Mystery",8.3,710978,81,https://letterboxd.com/film/oldboy/,4.37,82.0,78.0,
tt0112573,movie,Braveheart,Braveheart,1995,178,"Biography,Drama,War",8.3,1154973,82,https://letterboxd.com/film/braveheart/,3.91,76.0,68.0,
tt0119698,movie,Princess Mononoke,Mononoke-hime,1997,133,"Adventure,Animation,Fantasy",8.3,479257,83,https://letterboxd.com/film/princess-mononoke/,4.39,93.0,78.0,
tt0057012,movie,Dr. Strangelove or: How I Learned to Stop Worrying and Love the Bomb,Dr. Strangelove or: How I Learned to Stop Worrying and Love the Bomb,1964,95,"Comedy,War",8.3,549008,84,https://letterboxd.com/film/dr-strangelove-or-how-i-learned-to-stop-worrying-and-love-the-bomb/,4.3,98.0,97.0,
tt1187043,movie,3 Idiots,3 Idiots,2009,170,"Comedy,Drama",8.4,477636,85,https://letterboxd.com/film/3-idiots/,4.14,100.0,67.0,
tt0169547,movie,American Beauty,American Beauty,1999,122,Drama,8.3,1274231,86,https://letterboxd.com/film/american-beauty/,3.95,87.0,84.0,
tt8267604,movie,Capernaum,Capharnaüm,2018,126,Drama,8.4,122769,87,https://letterboxd.com/film/capernaum/,4.21,90.0,75.0,
tt0045152,movie,Singin' in the Rain,Singin' in the Rain,1952,103,"Comedy,Musical,Romance",8.3,280779,88,https://letterboxd.com/film/singin-in-the-rain/,4.35,100.0,99.0,
tt7286456,movie,Joker,Joker,2019,122,"Crime,Drama,Thriller",8.3,1675816,89,https://letterboxd.com/film/joker-2019/,3.84,68.0,59.0,
tt0087843,movie,Once Upon a Time in America,C'era una volta in America,1984,229,"Crime,Drama",8.3,406343,90,https://letterboxd.com/film/once-upon-a-time-in-america/,4.22,86.0,75.0,
tt0091251,movie,Come and See,Idi i smotri,1985,142,"Drama,Thriller,War",8.3,120868,91,https://letterboxd.com/film/come-and-see/,4.61,90.0,,
tt0086190,movie,Star Wars: Episode VI - Return of the Jedi,Star Wars: Episode VI - Return of the Jedi,1983,131,"Action,Adventure,Fantasy",8.3,1200712,92,https://letterboxd.com/film/return-of-the-jedi/,4.08,83.0,58.0,
tt0180093,movie,Requiem for a Dream,Requiem for a Dream,2000,102,Drama,8.3,966972,93,https://letterboxd.com/film/requiem-for-a-dream/,4.1,80.0,71.0,
tt0435761,movie,Toy Story 3,Toy Story 3,2010,103,"Adventure,Animation,Comedy",8.3,962094,94,https://letterboxd.com/film/toy-story-3/,4.01,98.0,92.0,
tt0044741,movie,Ikiru,Ikiru,1952,143,Drama,8.3,101363,95,https://letterboxd.com/film/ikiru/,4.51,98.0,92.0,
tt2106476,movie,The Hunt,Jagten,2012,115,Drama,8.3,405306,96,https://letterboxd.com/film/the-hunt-2012/,4.28,92.0,77.0,
tt1255953,movie,Incendies,Incendies,2010,131,"Drama,Mystery,War",8.3,246523,97,https://letterboxd.com/film/incendies/,4.44,91.0,80.0,
tt0338013,movie,Eternal Sunshine of the Spotless Mind,Eternal Sunshine of the Spotless Mind,2004,108,"Drama,Romance,Sci-Fi",8.3,1174021,98,https://letterboxd.com/film/eternal-sunshine-of-the-spotless-mind/,4.24,93.0,89.0,
tt0053604,movie,The Apartment,The Apartment,1960,125,"Comedy,Drama,Romance",8.3,217648,99,https://letterboxd.com/film/the-apartment/,4.43,93.0,94.0,
tt0056172,movie,Lawrence of Arabia,Lawrence of Arabia,1962,227,"Adventure,Biography,Drama",8.3,339546,100,https://letterboxd.com/film/lawrence-of-arabia/,4.4,93.0,100.0,
tt0062622,movie,2001: A Space Odyssey,2001: A Space Odyssey,1968,149,"Adventure,Sci-Fi",8.3,777254,101,https://letterboxd.com/film/2001-a-space-odyssey/,4.25,90.0,84.0,
tt0105236,movie,Reservoir Dogs,Reservoir Dogs,1992,99,"Crime,Thriller",8.3,1163297,102,https://letterboxd.com/film/reservoir-dogs/,4.14,90.0,81.0,
tt0113277,movie,Heat,Heat,1995,170,"Action,Crime,Drama",8.3,794085,103,https://letterboxd.com/film/heat-1995/,4.3,84.0,76.0,
tt0086250,movie,Scarface,Scarface,1983,170,"Crime,Drama",8.3,1005866,104,https://letterboxd.com/film/scarface-1983/,4.14,79.0,65.0,
tt0036775,movie,Double Indemnity,Double Indemnity,1944,107,"Crime,Drama,Film-Noir",8.3,180202,105,https://letterboxd.com/film/double-indemnity/,4.26,97.0,95.0,
tt1049413,movie,Up,Up,2009,96,"Adventure,Animation,Comedy",8.3,1224998,106,https://letterboxd.com/film/up/,4.1,98.0,88.0,
tt0053125,movie,North by Northwest,North by Northwest,1959,136,"Adventure,Drama,Mystery",8.3,368143,107,https://letterboxd.com/film/north-by-northwest/,4.19,97.0,98.0,
tt0986264,movie,Like Stars on Earth,Taare Zameen Par,2007,162,"Drama,Family",8.3,230155,108,https://letterboxd.com/film/like-stars-on-earth/,4.03,93.0,,
tt0093058,movie,Full Metal Jacket,Full Metal Jacket,1987,116,"Drama,War",8.2,845569,109,https://letterboxd.com/film/full-metal-jacket/,4.2,90.0,78.0,
tt0022100,movie,M,M - Eine Stadt sucht einen Mörder,1931,99,"Crime,Mystery,Thriller",8.3,181875,110,https://letterboxd.com/film/m/,4.29,100.0,,
tt0033467,movie,Citizen Kane,Citizen Kane,1941,119,"Drama,Mystery",8.2,491593,111,https://letterboxd.com/film/citizen-kane/,4.19,99.0,100.0,
tt0211915,movie,Amélie,Le fabuleux destin d'Amélie Poulain,2001,122,"Comedy,Romance",8.3,835649,112,https://letterboxd.com/film/amelie/,4.19,90.0,70.0,
tt0052357,movie,Vertigo,Vertigo,1958,128,"Mystery,Romance,Thriller",8.2,456983,113,https://letterboxd.com/film/vertigo/,4.22,93.0,100.0,
tt1832382,movie,A Separation,Jodaeiye Nader az Simin,2011,123,Drama,8.3,276310,114,https://letterboxd.com/film/a-separation/,4.37,99.0,95.0,
tt0095016,movie,Die Hard,Die Hard,1988,132,"Action,Thriller",8.2,1023790,115,https://letterboxd.com/film/die-hard/,4.05,94.0,72.0,
tt0056592,movie,To Kill a Mockingbird,To Kill a Mockingbird,1962,129,"Crime,Drama",8.2,350193,116,https://letterboxd.com/film/to-kill-a-mockingbird/,4.1,93.0,88.0,
tt0070735,movie,The Sting,The Sting,1973,129,"Comedy,Crime,Drama",8.2,298646,117,https://letterboxd.com/film/the-sting/,4.2,93.0,83.0,
tt0097576,movie,Indiana Jones and the Last Crusade,Indiana Jones and the Last Crusade,1989,127,"Action,Adventure",8.2,859113,118,https://letterboxd.com/film/indiana-jones-and-the-last-crusade/,4.1,84.0,65.0,
tt0066921,movie,A Clockwork Orange,A Clockwork Orange,1971,136,"Crime,Sci-Fi",8.2,932065,119,https://letterboxd.com/film/a-clockwork-orange/,4.11,86.0,77.0,
tt0017136,movie,Metropolis,Metropolis,1927,153,"Drama,Sci-Fi",8.2,199949,120,https://letterboxd.com/film/metropolis/,4.25,97.0,98.0,
tt8579674,movie,1917,1917,2019,119,"Action,Drama,War",8.2,762786,121,https://letterboxd.com/film/1917/,4.12,88.0,78.0,
tt0208092,movie,Snatch,Snatch,2000,102,"Comedy,Crime",8.2,971014,122,https://letterboxd.com/film/snatch/,4.04,74.0,55.0,
tt0119488,movie,L.A. Confidential,L.A. Confidential,1997,138,"Crime,Drama,Mystery",8.2,655640,123,https://letterboxd.com/film/la-confidential/,4.09,99.0,91.0,
tt0363163,movie,Downfall,Der Untergang,2004,156,"Biography,Drama,History",8.2,398278,124,https://letterboxd.com/film/downfall/,4.12,90.0,82.0,
tt0993846,movie,The Wolf of Wall Street,The Wolf of Wall Street,2013,180,"Biography,Comedy,Crime",8.2,1766950,125,https://letterboxd.com/film/the-wolf-of-wall-street/,3.99,79.0,75.0,
tt5074352,movie,Dangal,Dangal,2016,161,"Action,Biography,Drama",8.3,240001,126,https://letterboxd.com/film/dangal/,3.93,89.0,,
tt0040522,movie,Bicycle Thieves,Ladri di biciclette,1948,89,Drama,8.2,191563,127,https://letterboxd.com/film/bicycle-thieves/,4.29,99.0,,
tt0120382,movie,The Truman Show,The Truman Show,1998,103,"Comedy,Drama",8.2,1355241,128,https://letterboxd.com/film/the-truman-show/,4.22,94.0,90.0,
tt15398776,movie,Oppenheimer,Oppenheimer,2023,180,"Biography,Drama,History",8.2,1005273,129,https://letterboxd.com/film/oppenheimer-2023/,4.17,93.0,90.0,
tt6966692,movie,Green Book,Green Book,2018,130,"Biography,Comedy,Drama",8.2,675296,130,https://letterboxd.com/film/green-book/,3.84,77.0,69.0,
tt1130884,movie,Shutter Island,Shutter Island,2010,138,"Drama,Mystery,Thriller",8.2,1626629,131,https://letterboxd.com/film/shutter-island/,4.17,69.0,63.0,
tt0055031,movie,Judgment at Nuremberg,Judgment at Nuremberg,1961,179,"Drama,History,War",8.3,96150,132,https://letterboxd.com/film/judgment-at-nuremberg/,4.35,93.0,60.0,
tt0372784,movie,Batman Begins,Batman Begins,2005,140,"Action,Crime,Drama",8.2,1700062,133,https://letterboxd.com/film/batman-begins/,3.83,85.0,70.0,
tt8503618,movie,Hamilton,Hamilton,2020,160,"Biography,Drama,History",8.3,137447,134,https://letterboxd.com/film/hamilton-2020/,4.26,98.0,88.0,
tt0059578,movie,For a Few Dollars More,Per qualche dollaro in più,1965,132,"Drama,Western",8.2,298195,135,https://letterboxd.com/film/for-a-few-dollars-more/,4.24,92.0,74.0,
tt0075314,movie,Taxi Driver,Taxi Driver,1976,114,"Crime,Drama",8.2,1017459,136,https://letterboxd.com/film/taxi-driver/,4.11,89.0,94.0,
tt0107290,movie,Jurassic Park,Jurassic Park,1993,127,"Action,Adventure,Sci-Fi",8.2,1167073,137,https://letterboxd.com/film/jurassic-park/,4.12,91.0,68.0,
tt0053291,movie,Some Like It Hot,Some Like It Hot,1959,121,"Comedy,Music,Romance",8.2,303231,138,https://letterboxd.com/film/some-like-it-hot/,4.27,95.0,98.0,
tt0469494,movie,There Will Be Blood,There Will Be Blood,2007,158,Drama,8.2,701774,139,https://letterboxd.com/film/there-will-be-blood/,4.46,91.0,93.0,
tt0012349,movie,The Kid,The Kid,1921,68,"Comedy,Drama,Family",8.2,144876,140,https://letterboxd.com/film/the-kid/,4.21,100.0,,
tt10272386,movie,The Father,The Father,2020,97,"Drama,Mystery",8.2,241578,141,https://letterboxd.com/film/the-father-2020/,4.29,98.0,88.0,
tt0042192,movie,All About Eve,All About Eve,1950,138,Drama,8.2,148396,142,https://letterboxd.com/film/all-about-eve/,4.36,99.0,98.0,
tt0167404,movie,The Sixth Sense,The Sixth Sense,1999,107,"Drama,Mystery,Thriller",8.2,1135931,143,https://letterboxd.com/film/the-sixth-sense/,4.09,86.0,64.0,
tt0089881,movie,Ran,Ran,1985,160,"Action,Drama,War",8.2,150573,144,https://letterboxd.com/film/ran/,4.51,96.0,97.0,
tt0112641,movie,Casino,Casino,1995,178,"Crime,Drama",8.2,613918,145,https://letterboxd.com/film/casino/,4.21,79.0,73.0,
tt0477348,movie,No Country for Old Men,No Country for Old Men,2007,122,"Crime,Drama,Thriller",8.2,1176251,146,https://letterboxd.com/film/no-country-for-old-men/,4.31,93.0,92.0,
tt0084787,movie,The Thing,The Thing,1982,109,"Horror,Mystery,Sci-Fi",8.2,521340,147,https://letterboxd.com/film/the-thing/,4.35,85.0,57.0,
tt1745960,movie,Top Gun: Maverick,Top Gun: Maverick,2022,130,"Action,Drama",8.2,846205,148,https://letterboxd.com/film/top-gun-maverick/,3.97,96.0,78.0,
tt1392214,movie,Prisoners,Prisoners,2013,153,"Crime,Drama,Mystery",8.2,922247,149,https://letterboxd.com/film/prisoners/,4.32,81.0,70.0,
tt0266697,movie,Kill Bill: Vol. 1,Kill Bill: Vol. 1,2003,111,"Action,Crime,Thriller",8.2,1295699,150,https://letterboxd.com/film/kill-bill-vol-1/,4.21,85.0,69.0,
tt0457430,movie,Pan's Labyrinth,El laberinto del fauno,2006,118,"Drama,Fantasy,War",8.2,743321,151,https://letterboxd.com/film/pans-labyrinth/,4.15,95.0,98.0,
tt0105695,movie,Unforgiven,Unforgiven,1992,130,"Drama,Western",8.2,465951,152,https://letterboxd.com/film/unforgiven/,4.2,96.0,85.0,
tt0268978,movie,A Beautiful Mind,A Beautiful Mind,2001,135,"Biography,Drama,Mystery",8.2,1047943,153,https://letterboxd.com/film/a-beautiful-mind/,3.87,74.0,72.0,
tt0040897,movie,The Treasure of the Sierra Madre,The Treasure of the Sierra Madre,1948,126,"Adventure,Drama,Western",8.2,140714,154,https://letterboxd.com/film/the-treasure-of-the-sierra-madre/,4.29,100.0,98.0,
tt0347149,movie,Howl's Moving Castle,Hauru no ugoku shiro,2004,119,"Adventure,Animation,Family",8.2,506590,155,https://letterboxd.com/film/howls-moving-castle/,4.36,88.0,82.0,
tt0266543,movie,Finding Nemo,Finding Nemo,2003,100,"Adventure,Animation,Comedy",8.2,1198251,156,https://letterboxd.com/film/finding-nemo/,4.03,99.0,90.0,
tt0055630,movie,Yojimbo,Yôjinbô,1961,110,"Action,Drama,Thriller",8.2,142161,157,https://letterboxd.com/film/yojimbo/,4.3,96.0,93.0,
tt4729430,movie,Klaus,Klaus,2019,96,"Adventure,Animation,Comedy",8.2,233667,158,https://letterboxd.com/film/klaus/,4.19,95.0,65.0,
tt0057115,movie,The Great Escape,The Great Escape,1963,172,"Adventure,Drama,Thriller",8.2,275974,159,https://letterboxd.com/film/the-great-escape/,4.16,94.0,86.0,
tt0080678,movie,The Elephant Man,The Elephant Man,1980,124,"Biography,Drama",8.2,280668,160,https://letterboxd.com/film/the-elephant-man/,4.3,91.0,78.0,
tt0071853,movie,Monty Python and the Holy Grail,Monty Python and the Holy Grail,1975,91,"Adventure,Comedy,Fantasy",8.2,600607,161,https://letterboxd.com/film/monty-python-and-the-holy-grail/,4.14,92.0,91.0,
tt0346336,movie,The Best of Youth,La meglio gioventù,2003,374,"Drama,Romance",8.4,27677,162,https://letterboxd.com/film/the-best-of-youth/,4.32,94.0,89.0,
tt0046912,movie,Dial M for Murder,Dial M for Murder,1954,105,"Crime,Drama,Mystery",8.1,203583,163,https://letterboxd.com/film/dial-m-for-murder/,4.15,90.0,75.0,
tt1305806,movie,The Secret in Their Eyes,El secreto de sus ojos,2009,129,"Drama,Mystery,Romance",8.2,240497,164,https://letterboxd.com/film/the-secret-in-their-eyes/,4.24,89.0,80.0,
tt32820897,movie,Demon Slayer: Kimetsu no Yaiba Infinity Castle,Gekijô-ban Kimetsu no Yaiba Mugen Jô-hen,2025,155,"Action,Adventure,Animation",8.4,64474,165,https://letterboxd.com/film/demon-slayer-kimetsu-no-yaiba-infinity-castle/,4.03,98.0,67.0,
tt0031381,movie,Gone with the Wind,Gone with the Wind,1939,238,"Drama,Romance,War",8.2,354681,166,https://letterboxd.com/film/gone-with-the-wind/,3.86,90.0,97.0,
tt0071315,movie,Chinatown,Chinatown,1974,130,"Drama,Mystery,Thriller",8.1,374898,167,https://letterboxd.com/film/chinatown/,4.3,98.0,92.0,
tt0120735,movie,"Lock, Stock and Two Smoking Barrels","Lock, Stock and Two Smoking Barrels",1998,107,"Comedy,Crime",8.1,647425,168,https://letterboxd.com/film/lock-stock-and-two-smoking-barrels/,4.02,75.0,67.0,
tt0434409,movie,V for Vendetta,V for Vendetta,2005,132,"Action,Drama,Sci-Fi",8.1,1240210,169,https://letterboxd.com/film/v-for-vendetta/,3.88,73.0,62.0,
tt0264464,movie,Catch Me If You Can,Catch Me If You Can,2002,141,"Biography,Crime,Drama",8.1,1222117,170,https://letterboxd.com/film/catch-me-if-you-can-2002/,4.05,96.0,75.0,
tt2096673,movie,Inside Out,Inside Out,2015,95,"Adventure,Animation,Comedy",8.1,905138,171,https://letterboxd.com/film/inside-out-2015/,3.83,98.0,94.0,
tt0042876,movie,Rashomon,Rashômon,1950,88,"Crime,Drama,Mystery",8.1,195281,172,https://letterboxd.com/film/rashomon/,4.2,98.0,98.0,
tt0252488,movie,The Chaos Class Failed the Class,Hababam Sinifi: Sinifta Kaldi,1975,95,Comedy,8.5,29943,173,https://letterboxd.com/film/the-chaos-class-failed-the-class/,3.53,,,
tt5027774,movie,"Three Billboards Outside Ebbing, Missouri","Three Billboards Outside Ebbing, Missouri",2017,115,"Comedy,Crime,Drama",8.1,601899,174,https://letterboxd.com/film/three-billboards-outside-ebbing-missouri/,4.06,90.0,88.0,
tt0117951,movie,Trainspotting,Trainspotting,1996,93,"Crime,Drama",8.1,765290,175,https://letterboxd.com/film/trainspotting/,4.22,90.0,83.0,
tt0050212,movie,The Bridge on the River Kwai,The Bridge on the River Kwai,1957,161,"Adventure,Drama,War",8.1,247494,176,https://letterboxd.com/film/the-bridge-on-the-river-kwai/,4.24,96.0,88.0,
tt1201607,movie,Harry Potter and the Deathly Hallows: Part 2,Harry Potter and the Deathly Hallows: Part 2,2011,130,"Adventure,Family,Fantasy",8.1,1036484,177,https://letterboxd.com/film/harry-potter-and-the-deathly-hallows-part-2/,4.02,96.0,85.0,
tt0097165,movie,Dead Poets Society,Dead Poets Society,1989,128,"Comedy,Drama",8.1,642337,178,https://letterboxd.com/film/dead-poets-society/,4.34,85.0,79.0,
tt29623480,movie,The Wild Robot,The Wild Robot,2024,102,"Adventure,Animation,Family",8.2,215332,179,https://letterboxd.com/film/the-wild-robot/,4.21,97.0,85.0,
tt1291584,movie,Warrior,Warrior,2011,140,"Action,Drama,Sport",8.1,526024,180,https://letterboxd.com/film/warrior/,4.03,84.0,71.0,
tt0116282,movie,Fargo,Fargo,1996,98,"Crime,Drama,Thriller",8.1,780982,181,https://letterboxd.com/film/fargo/,4.16,94.0,88.0,
tt0072684,movie,Barry Lyndon,Barry Lyndon,1975,185,"Adventure,Drama,War",8.1,202412,182,https://letterboxd.com/film/barry-lyndon/,4.4,78.0,89.0,
tt0081398,movie,Raging Bull,Raging Bull,1980,129,"Biography,Drama,Sport",8.1,407679,183,https://letterboxd.com/film/raging-bull/,4.22,92.0,90.0,
tt0052618,movie,Ben-Hur,Ben-Hur,1959,212,"Adventure,Drama",8.1,269895,184,https://letterboxd.com/film/ben-hur-1959/,4.08,87.0,90.0,
tt0405159,movie,Million Dollar Baby,Million Dollar Baby,2004,132,"Drama,Sport",8.1,762221,185,https://letterboxd.com/film/million-dollar-baby/,4.04,90.0,86.0,
tt1392190,movie,Mad Max: Fury Road,Mad Max: Fury Road,2015,120,"Action,Adventure,Sci-Fi",8.1,1198741,186,https://letterboxd.com/film/mad-max-fury-road/,4.17,97.0,90.0,
tt0118849,movie,Children of Heaven,Bacheha-ye aseman,1997,89,"Drama,Family,Sport",8.2,89187,187,https://letterboxd.com/film/children-of-heaven/,4.21,83.0,77.0,
tt2119532,movie,Hacksaw Ridge,Hacksaw Ridge,2016,139,"Biography,Drama,History",8.1,672377,188,https://letterboxd.com/film/hacksaw-ridge/,4.01,84.0,71.0,
tt1205489,movie,Gran Torino,Gran Torino,2008,116,Drama,8.1,857523,189,https://letterboxd.com/film/gran-torino/,3.83,81.0,73.0,
tt0096283,movie,My Neighbor Totoro,Tonari no Totoro,1988,86,"Adventure,Animation,Comedy",8.1,426719,190,https://letterboxd.com/film/my-neighbor-totoro/,4.19,94.0,87.0,
tt2024544,movie,12 Years a Slave,12 Years a Slave,2013,134,"Biography,Drama,History",8.1,782343,191,https://letterboxd.com/film/12-years-a-slave/,4.16,95.0,96.0,
tt2278388,movie,The Grand Budapest Hotel,The Grand Budapest Hotel,2014,99,"Comedy,Drama",8.1,960468,192,https://letterboxd.com/film/the-grand-budapest-hotel/,4.24,92.0,88.0,
tt0382932,movie,Ratatouille,Ratatouille,2007,111,"Adventure,Animation,Comedy",8.1,932211,193,https://letterboxd.com/film/ratatouille/,4.23,96.0,96.0,
tt0112471,movie,Before Sunrise,Before Sunrise,1995,101,"Comedy,Drama,Romance",8.1,373628,194,https://letterboxd.com/film/before-sunrise/,4.3,100.0,79.0,
tt0353969,movie,Memories of Murder,Salinui chueok,2003,131,"Crime,Drama,Mystery",8.1,261879,195,https://letterboxd.com/film/memories-of-murder/,4.42,,82.0,
tt0083658,movie,Blade Runner,Blade Runner,1982,117,"Action,Drama,Sci-Fi",8.1,876481,196,https://letterboxd.com/film/blade-runner/,4.1,89.0,84.0,
tt0892769,movie,How to Train Your Dragon,How to Train Your Dragon,2010,98,"Action,Adventure,Animation",8.1,885105,197,https://letterboxd.com/film/how-to-train-your-dragon/,4.13,99.0,75.0,
tt10872600,movie,Spider-Man: No Way Home,Spider-Man: No Way Home,2021,148,"Action,Adventure,Fantasy",8.1,1004483,198,https://letterboxd.com/film/spider-man-no-way-home/,3.83,93.0,71.0,
tt2267998,movie,Gone Girl,Gone Girl,2014,149,"Drama,Mystery,Thriller",8.1,1159255,199,https://letterboxd.com/film/gone-girl/,4.07,88.0,79.0,
tt0198781,movie,"Monsters, Inc.","Monsters, Inc.",2001,92,"Adventure,Animation,Comedy",8.1,1065583,200,https://letterboxd.com/film/monsters-inc/,4.08,96.0,79.0,
tt0073195,movie,Jaws,Jaws,1975,124,"Adventure,Horror,Thriller",8.1,731153,201,https://letterboxd.com/film/jaws/,3.93,97.0,87.0,
tt0107207,movie,In the Name of the Father,In the Name of the Father,1993,133,"Biography,Crime,Drama",8.1,201638,202,https://letterboxd.com/film/in-the-name-of-the-father-1993/,4.2,94.0,84.0,
tt1950186,movie,Ford v Ferrari,Ford v Ferrari,2019,152,"Action,Biography,Drama",8.1,562494,203,https://letterboxd.com/film/ford-v-ferrari/,4.02,92.0,81.0,
tt3011894,movie,Wild Tales,Relatos salvajes,2014,122,"Comedy,Drama,Thriller",8.1,236452,204,https://letterboxd.com/film/wild-tales/,4.14,94.0,77.0,
tt0015864,movie,The Gold Rush,The Gold Rush,1925,95,"Adventure,Comedy,Drama",8.1,127523,205,https://letterboxd.com/film/the-gold-rush/,4.15,98.0,90.0,
tt0978762,movie,Mary and Max,Mary and Max.,2009,92,"Animation,Comedy,Drama",8.1,200758,206,https://letterboxd.com/film/mary-and-max/,4.26,96.0,72.0,
tt0015324,movie,Sherlock Jr.,Sherlock Jr.,1924,45,"Action,Comedy,Romance",8.1,65102,207,https://letterboxd.com/film/sherlock-jr/,4.37,86.0,,
tt0077416,movie,The Deer Hunter,The Deer Hunter,1978,183,"Drama,War",8.1,384827,208,https://letterboxd.com/film/the-deer-hunter/,4.21,86.0,90.0,
tt0046268,movie,The Wages of Fear,Le salaire de la peur,1953,156,"Adventure,Drama,Thriller",8.1,73019,209,https://letterboxd.com/film/the-wages-of-fear/,4.36,100.0,85.0,
tt0017925,movie,The General,The General,1926,78,"Action,Adventure,Comedy",8.1,105623,210,https://letterboxd.com/film/the-general/,4.2,92.0,,
tt3315342,movie,Logan,Logan,2017,137,"Action,Drama,Sci-Fi",8.1,918692,211,https://letterboxd.com/film/logan-2017/,4.12,93.0,77.0,
tt0075148,movie,Rocky,Rocky,1976,120,"Drama,Sport",8.1,683140,212,https://letterboxd.com/film/rocky/,4.1,93.0,70.0,
tt0031679,movie,Mr. Smith Goes to Washington,Mr. Smith Goes to Washington,1939,129,"Comedy,Drama",8.1,128904,213,https://letterboxd.com/film/mr-smith-goes-to-washington/,4.13,85.0,73.0,
tt0047296,movie,On the Waterfront,On the Waterfront,1954,108,"Crime,Drama,Thriller",8.1,176869,214,https://letterboxd.com/film/on-the-waterfront/,4.17,99.0,91.0,
tt0046438,movie,Tokyo Story,Tôkyô monogatari,1953,137,Drama,8.1,77027,215,https://letterboxd.com/film/tokyo-story/,4.43,100.0,100.0,
tt0325980,movie,Pirates of the Caribbean: The Curse of the Black Pearl,Pirates of the Caribbean: The Curse of the Black Pearl,2003,143,"Action,Adventure,Fantasy",8.1,1313011,216,https://letterboxd.com/film/pirates-of-the-caribbean-the-curse-of-the-black-pearl/,3.99,79.0,63.0,
tt0050986,movie,Wild Strawberries,Smultronstället,1957,92,"Drama,Romance",8.1,123846,217,https://letterboxd.com/film/wild-strawberries/,4.33,94.0,88.0,
tt1895587,movie,Spotlight,Spotlight,2015,129,"Biography,Crime,Drama",8.1,532080,218,https://letterboxd.com/film/spotlight/,4.12,97.0,93.0,
tt0113247,movie,La haine,La haine,1995,98,"Crime,Drama",8.1,223325,219,https://letterboxd.com/film/la-haine/,4.5,96.0,,
tt5323662,movie,A Silent Voice: The Movie,Koe no katachi,2016,130,"Animation,Drama",8.2,137387,220,https://letterboxd.com/film/a-silent-voice-the-movie/,4.2,,78.0,
tt0088247,movie,The Terminator,The Terminator,1984,107,"Action,Adventure,Sci-Fi",8.1,996493,221,https://letterboxd.com/film/the-terminator/,3.88,90.0,84.0,
tt0041959,movie,The Third Man,The Third Man,1949,104,"Drama,Film-Noir,Mystery",8.1,194344,222,https://letterboxd.com/film/the-third-man/,4.24,99.0,97.0,
tt26548265,movie,Maharaja,Maharaja,2024,141,"Action,Crime,Drama",8.3,79889,223,https://letterboxd.com/film/maharaja-2024/,3.83,83.0,,
tt0059742,movie,The Sound of Music,The Sound of Music,1965,174,"Biography,Drama,Family",8.1,289222,224,https://letterboxd.com/film/the-sound-of-music/,4.24,83.0,63.0,
tt15097216,movie,Jai Bhim,Jai Bhim,2021,164,"Crime,Drama",8.6,233124,225,https://letterboxd.com/film/jai-bhim/,3.77,100.0,,
tt0118715,movie,The Big Lebowski,The Big Lebowski,1998,117,"Comedy,Crime",8.1,912191,226,https://letterboxd.com/film/the-big-lebowski/,4.11,79.0,71.0,
tt0036868,movie,The Best Years of Our Lives,The Best Years of Our Lives,1946,170,"Drama,Romance,War",8.1,76997,227,https://letterboxd.com/film/the-best-years-of-our-lives/,4.24,98.0,93.0,
tt0050976,movie,The Seventh Seal,Det sjunde inseglet,1957,96,"Drama,Fantasy",8.1,214811,228,https://letterboxd.com/film/the-seventh-seal/,4.33,93.0,88.0,
tt3170832,movie,Room,Room,2015,118,"Drama,Thriller",8.1,477885,229,https://letterboxd.com/film/room-2015/,3.96,93.0,86.0,
tt0381681,movie,Before Sunset,Before Sunset,2004,80,"Drama,Romance",8.1,312452,230,https://letterboxd.com/film/before-sunset/,4.32,94.0,91.0,
tt0395169,movie,Hotel Rwanda,Hotel Rwanda,2004,121,"Biography,Drama,History",8.1,390447,231,https://letterboxd.com/film/hotel-rwanda/,3.85,91.0,79.0,
tt0091763,movie,Platoon,Platoon,1986,120,"Drama,War",8.1,469667,232,https://letterboxd.com/film/platoon/,3.98,89.0,92.0,
tt0317705,movie,The Incredibles,The Incredibles,2004,115,"Action,Adventure,Animation",8.0,891877,233,https://letterboxd.com/film/the-incredibles/,4.07,,90.0,
tt30472557,movie,Chainsaw Man - The Movie: Reze Arc,Gekijô-ban Chensô Man Reze-hen,2025,100,"Action,Adventure,Animation",8.3,46821,234,https://letterboxd.com/film/chainsaw-man-the-movie-reze-arc/,4.35,96.0,71.0,
tt1028532,movie,Hachi: A Dog's Tale,Hachi: A Dog's Tale,2009,93,"Biography,Drama,Family",8.1,340118,235,https://letterboxd.com/film/hachi-a-dogs-tale/,3.88,64.0,,
tt0070047,movie,The Exorcist,The Exorcist,1973,122,Horror,8.1,495259,236,https://letterboxd.com/film/the-exorcist/,3.95,78.0,83.0,
tt1979320,movie,Rush,Rush,2013,123,"Biography,Drama,Sport",8.1,554928,237,https://letterboxd.com/film/rush-2013/,3.86,89.0,74.0,
tt0032138,movie,The Wizard of Oz,The Wizard of Oz,1939,102,"Adventure,Family,Fantasy",8.1,464791,238,https://letterboxd.com/film/the-wizard-of-oz-1939/,3.93,98.0,92.0,
tt0092005,movie,Stand by Me,Stand by Me,1986,89,"Adventure,Comedy,Drama",8.1,483040,239,https://letterboxd.com/film/stand-by-me/,4.18,92.0,75.0,
tt0129167,movie,The Iron Giant,The Iron Giant,1999,86,"Action,Adventure,Animation",8.1,257361,240,https://letterboxd.com/film/the-iron-giant/,4.28,96.0,85.0,
tt0019254,movie,The Passion of Joan of Arc,La passion de Jeanne d'Arc,1928,114,"Biography,Drama,History",8.1,67646,241,https://letterboxd.com/film/the-passion-of-joan-of-arc/,4.43,98.0,98.0,
tt0476735,movie,My Father and My Son,Babam ve Oglum,2005,112,"Drama,Family",8.2,100145,242,https://letterboxd.com/film/my-father-and-my-son/,3.95,,,
tt0058946,movie,The Battle of Algiers,La battaglia di Algeri,1966,121,"Drama,War",8.1,74892,243,https://letterboxd.com/film/the-battle-of-algiers/,4.45,99.0,96.0,
tt4016934,movie,The Handmaiden,Ah-ga-ssi,2016,145,"Drama,Romance,Thriller",8.1,200278,244,https://letterboxd.com/film/the-handmaiden/,4.39,96.0,85.0,
tt0074958,movie,Network,Network,1976,121,Drama,8.1,184846,245,https://letterboxd.com/film/network/,4.26,90.0,83.0,
tt0035446,movie,To Be or Not to Be,To Be or Not to Be,1942,99,"Comedy,Romance,War",8.1,49452,246,https://letterboxd.com/film/to-be-or-not-to-be/,4.33,96.0,86.0,
tt1954470,movie,Gangs of Wasseypur,Gangs of Wasseypur,2012,321,"Action,Comedy,Crime",8.2,113223,247,https://letterboxd.com/film/gangs-of-wasseypur-part-1/,4.04,94.0,89.0,
tt4430212,movie,Drishyam,Drishyam,2015,163,"Crime,Drama,Mystery",8.2,107497,248,https://letterboxd.com/film/drishyam-2015/,3.82,78.0,,
tt0032551,movie,The Grapes of Wrath,The Grapes of Wrath,1940,129,Drama,8.1,107878,249,https://letterboxd.com/film/the-grapes-of-wrath/,4.19,100.0,96.0,
tt1454029,movie,The Help,The Help,2011,146,Drama,8.1,525605,250,https://letterboxd.com/film/the-help/,3.93,75.0,62.0,
